{
  "hash": "bd7f1098",
  "configHash": "637ff967",
  "lockfileHash": "b2ea35d0",
  "browserHash": "9e235a35",
  "optimized": {
    "@angular/cdk/a11y": {
      "src": "../../../../../node_modules/@angular/cdk/fesm2022/a11y.mjs",
      "file": "@angular_cdk_a11y.js",
      "fileHash": "4c6ba1b0",
      "needsInterop": false
    },
    "@angular/cdk/accordion": {
      "src": "../../../../../node_modules/@angular/cdk/fesm2022/accordion.mjs",
      "file": "@angular_cdk_accordion.js",
      "fileHash": "66860eb9",
      "needsInterop": false
    },
    "@angular/cdk/bidi": {
      "src": "../../../../../node_modules/@angular/cdk/fesm2022/bidi.mjs",
      "file": "@angular_cdk_bidi.js",
      "fileHash": "7c0908b8",
      "needsInterop": false
    },
    "@angular/cdk/observers": {
      "src": "../../../../../node_modules/@angular/cdk/fesm2022/observers.mjs",
      "file": "@angular_cdk_observers.js",
      "fileHash": "5c9ce8cf",
      "needsInterop": false
    },
    "@angular/cdk/overlay": {
      "src": "../../../../../node_modules/@angular/cdk/fesm2022/overlay.mjs",
      "file": "@angular_cdk_overlay.js",
      "fileHash": "86da3f2b",
      "needsInterop": false
    },
    "@angular/cdk/platform": {
      "src": "../../../../../node_modules/@angular/cdk/fesm2022/platform.mjs",
      "file": "@angular_cdk_platform.js",
      "fileHash": "9a0508bc",
      "needsInterop": false
    },
    "@angular/cdk/portal": {
      "src": "../../../../../node_modules/@angular/cdk/fesm2022/portal.mjs",
      "file": "@angular_cdk_portal.js",
      "fileHash": "42aa5b91",
      "needsInterop": false
    },
    "@angular/cdk/table": {
      "src": "../../../../../node_modules/@angular/cdk/fesm2022/table.mjs",
      "file": "@angular_cdk_table.js",
      "fileHash": "a992ce73",
      "needsInterop": false
    },
    "@angular/core": {
      "src": "../../../../../node_modules/@angular/core/fesm2022/core.mjs",
      "file": "@angular_core.js",
      "fileHash": "114f1222",
      "needsInterop": false
    },
    "@angular/forms": {
      "src": "../../../../../node_modules/@angular/forms/fesm2022/forms.mjs",
      "file": "@angular_forms.js",
      "fileHash": "ef3cf3b1",
      "needsInterop": false
    },
    "@angular/material/autocomplete": {
      "src": "../../../../../node_modules/@angular/material/fesm2022/autocomplete.mjs",
      "file": "@angular_material_autocomplete.js",
      "fileHash": "3535bfc9",
      "needsInterop": false
    },
    "@angular/material/badge": {
      "src": "../../../../../node_modules/@angular/material/fesm2022/badge.mjs",
      "file": "@angular_material_badge.js",
      "fileHash": "beb06dc9",
      "needsInterop": false
    },
    "@angular/material/bottom-sheet": {
      "src": "../../../../../node_modules/@angular/material/fesm2022/bottom-sheet.mjs",
      "file": "@angular_material_bottom-sheet.js",
      "fileHash": "ada87e79",
      "needsInterop": false
    },
    "@angular/material/button": {
      "src": "../../../../../node_modules/@angular/material/fesm2022/button.mjs",
      "file": "@angular_material_button.js",
      "fileHash": "63f2d283",
      "needsInterop": false
    },
    "@angular/material/button-toggle": {
      "src": "../../../../../node_modules/@angular/material/fesm2022/button-toggle.mjs",
      "file": "@angular_material_button-toggle.js",
      "fileHash": "e2b65eeb",
      "needsInterop": false
    },
    "@angular/material/card": {
      "src": "../../../../../node_modules/@angular/material/fesm2022/card.mjs",
      "file": "@angular_material_card.js",
      "fileHash": "ed7fd29e",
      "needsInterop": false
    },
    "@angular/material/checkbox": {
      "src": "../../../../../node_modules/@angular/material/fesm2022/checkbox.mjs",
      "file": "@angular_material_checkbox.js",
      "fileHash": "954fc449",
      "needsInterop": false
    },
    "@angular/material/chips": {
      "src": "../../../../../node_modules/@angular/material/fesm2022/chips.mjs",
      "file": "@angular_material_chips.js",
      "fileHash": "b07546db",
      "needsInterop": false
    },
    "@angular/material/core": {
      "src": "../../../../../node_modules/@angular/material/fesm2022/core.mjs",
      "file": "@angular_material_core.js",
      "fileHash": "98b6b79f",
      "needsInterop": false
    },
    "@angular/material/datepicker": {
      "src": "../../../../../node_modules/@angular/material/fesm2022/datepicker.mjs",
      "file": "@angular_material_datepicker.js",
      "fileHash": "7791ec1c",
      "needsInterop": false
    },
    "@angular/material/dialog": {
      "src": "../../../../../node_modules/@angular/material/fesm2022/dialog.mjs",
      "file": "@angular_material_dialog.js",
      "fileHash": "9084e2e5",
      "needsInterop": false
    },
    "@angular/material/expansion": {
      "src": "../../../../../node_modules/@angular/material/fesm2022/expansion.mjs",
      "file": "@angular_material_expansion.js",
      "fileHash": "65852efc",
      "needsInterop": false
    },
    "@angular/material/grid-list": {
      "src": "../../../../../node_modules/@angular/material/fesm2022/grid-list.mjs",
      "file": "@angular_material_grid-list.js",
      "fileHash": "ed307c6e",
      "needsInterop": false
    },
    "@angular/material/icon": {
      "src": "../../../../../node_modules/@angular/material/fesm2022/icon.mjs",
      "file": "@angular_material_icon.js",
      "fileHash": "d0e4db8f",
      "needsInterop": false
    },
    "@angular/material/input": {
      "src": "../../../../../node_modules/@angular/material/fesm2022/input.mjs",
      "file": "@angular_material_input.js",
      "fileHash": "83eae997",
      "needsInterop": false
    },
    "@angular/material/list": {
      "src": "../../../../../node_modules/@angular/material/fesm2022/list.mjs",
      "file": "@angular_material_list.js",
      "fileHash": "9b29d41d",
      "needsInterop": false
    },
    "@angular/material/menu": {
      "src": "../../../../../node_modules/@angular/material/fesm2022/menu.mjs",
      "file": "@angular_material_menu.js",
      "fileHash": "0e673938",
      "needsInterop": false
    },
    "@angular/material/paginator": {
      "src": "../../../../../node_modules/@angular/material/fesm2022/paginator.mjs",
      "file": "@angular_material_paginator.js",
      "fileHash": "33c2b72d",
      "needsInterop": false
    },
    "@angular/material/progress-bar": {
      "src": "../../../../../node_modules/@angular/material/fesm2022/progress-bar.mjs",
      "file": "@angular_material_progress-bar.js",
      "fileHash": "a754b577",
      "needsInterop": false
    },
    "@angular/material/progress-spinner": {
      "src": "../../../../../node_modules/@angular/material/fesm2022/progress-spinner.mjs",
      "file": "@angular_material_progress-spinner.js",
      "fileHash": "0b32b81d",
      "needsInterop": false
    },
    "@angular/material/radio": {
      "src": "../../../../../node_modules/@angular/material/fesm2022/radio.mjs",
      "file": "@angular_material_radio.js",
      "fileHash": "66ead32c",
      "needsInterop": false
    },
    "@angular/material/select": {
      "src": "../../../../../node_modules/@angular/material/fesm2022/select.mjs",
      "file": "@angular_material_select.js",
      "fileHash": "a5898ab8",
      "needsInterop": false
    },
    "@angular/material/sidenav": {
      "src": "../../../../../node_modules/@angular/material/fesm2022/sidenav.mjs",
      "file": "@angular_material_sidenav.js",
      "fileHash": "3f791ed2",
      "needsInterop": false
    },
    "@angular/material/slide-toggle": {
      "src": "../../../../../node_modules/@angular/material/fesm2022/slide-toggle.mjs",
      "file": "@angular_material_slide-toggle.js",
      "fileHash": "a75a97f9",
      "needsInterop": false
    },
    "@angular/material/slider": {
      "src": "../../../../../node_modules/@angular/material/fesm2022/slider.mjs",
      "file": "@angular_material_slider.js",
      "fileHash": "53811562",
      "needsInterop": false
    },
    "@angular/material/snack-bar": {
      "src": "../../../../../node_modules/@angular/material/fesm2022/snack-bar.mjs",
      "file": "@angular_material_snack-bar.js",
      "fileHash": "8f445bdb",
      "needsInterop": false
    },
    "@angular/material/sort": {
      "src": "../../../../../node_modules/@angular/material/fesm2022/sort.mjs",
      "file": "@angular_material_sort.js",
      "fileHash": "34be792e",
      "needsInterop": false
    },
    "@angular/material/stepper": {
      "src": "../../../../../node_modules/@angular/material/fesm2022/stepper.mjs",
      "file": "@angular_material_stepper.js",
      "fileHash": "7bb7586d",
      "needsInterop": false
    },
    "@angular/material/table": {
      "src": "../../../../../node_modules/@angular/material/fesm2022/table.mjs",
      "file": "@angular_material_table.js",
      "fileHash": "d28db6e5",
      "needsInterop": false
    },
    "@angular/material/tabs": {
      "src": "../../../../../node_modules/@angular/material/fesm2022/tabs.mjs",
      "file": "@angular_material_tabs.js",
      "fileHash": "6c950862",
      "needsInterop": false
    },
    "@angular/material/toolbar": {
      "src": "../../../../../node_modules/@angular/material/fesm2022/toolbar.mjs",
      "file": "@angular_material_toolbar.js",
      "fileHash": "debf9403",
      "needsInterop": false
    },
    "@angular/material/tooltip": {
      "src": "../../../../../node_modules/@angular/material/fesm2022/tooltip.mjs",
      "file": "@angular_material_tooltip.js",
      "fileHash": "b6b53ee5",
      "needsInterop": false
    },
    "@angular/platform-browser": {
      "src": "../../../../../node_modules/@angular/platform-browser/fesm2022/platform-browser.mjs",
      "file": "@angular_platform-browser.js",
      "fileHash": "18a2eaff",
      "needsInterop": false
    },
    "@angular/platform-browser/animations/async": {
      "src": "../../../../../node_modules/@angular/platform-browser/fesm2022/animations/async.mjs",
      "file": "@angular_platform-browser_animations_async.js",
      "fileHash": "b979ad2e",
      "needsInterop": false
    },
    "@angular/router": {
      "src": "../../../../../node_modules/@angular/router/fesm2022/router.mjs",
      "file": "@angular_router.js",
      "fileHash": "b2c6d2df",
      "needsInterop": false
    },
    "html2canvas": {
      "src": "../../../../../node_modules/html2canvas/dist/html2canvas.esm.js",
      "file": "html2canvas.js",
      "fileHash": "0bccfe01",
      "needsInterop": false
    },
    "jspdf": {
      "src": "../../../../../node_modules/jspdf/dist/jspdf.es.min.js",
      "file": "jspdf.js",
      "fileHash": "d81496e3",
      "needsInterop": false
    }
  },
  "chunks": {
    "purify.es-YAXFVWPX": {
      "file": "purify__es-YAXFVWPX.js"
    },
    "index.es-5FPXBD56": {
      "file": "index__es-5FPXBD56.js"
    },
    "chunk-UMXKHIZH": {
      "file": "chunk-UMXKHIZH.js"
    },
    "browser-7SOISHJY": {
      "file": "browser-7SOISHJY.js"
    },
    "chunk-HBMNRNMQ": {
      "file": "chunk-HBMNRNMQ.js"
    },
    "chunk-UTDADML2": {
      "file": "chunk-UTDADML2.js"
    },
    "chunk-5VSH4XEV": {
      "file": "chunk-5VSH4XEV.js"
    },
    "chunk-BATX4UPL": {
      "file": "chunk-BATX4UPL.js"
    },
    "chunk-24SS4H2V": {
      "file": "chunk-24SS4H2V.js"
    },
    "chunk-4NU5CA4O": {
      "file": "chunk-4NU5CA4O.js"
    },
    "chunk-YD5IK7KP": {
      "file": "chunk-YD5IK7KP.js"
    },
    "chunk-C3BSXURG": {
      "file": "chunk-C3BSXURG.js"
    },
    "chunk-ZALK6HVB": {
      "file": "chunk-ZALK6HVB.js"
    },
    "chunk-XFJC7UOU": {
      "file": "chunk-XFJC7UOU.js"
    },
    "chunk-MRI4E4VT": {
      "file": "chunk-MRI4E4VT.js"
    },
    "chunk-NTLI4KXB": {
      "file": "chunk-NTLI4KXB.js"
    },
    "chunk-2RF3YJ6Z": {
      "file": "chunk-2RF3YJ6Z.js"
    },
    "chunk-UFNPSOVB": {
      "file": "chunk-UFNPSOVB.js"
    },
    "chunk-TPKBY26H": {
      "file": "chunk-TPKBY26H.js"
    },
    "chunk-TFQYW2KW": {
      "file": "chunk-TFQYW2KW.js"
    },
    "chunk-HE4EUMZY": {
      "file": "chunk-HE4EUMZY.js"
    },
    "chunk-GQCZ3WG6": {
      "file": "chunk-GQCZ3WG6.js"
    },
    "chunk-HXCAFB7T": {
      "file": "chunk-HXCAFB7T.js"
    },
    "chunk-GMU3YORD": {
      "file": "chunk-GMU3YORD.js"
    },
    "chunk-KETHBM2Q": {
      "file": "chunk-KETHBM2Q.js"
    },
    "chunk-237XUEJ5": {
      "file": "chunk-237XUEJ5.js"
    },
    "chunk-GEUAQIFD": {
      "file": "chunk-GEUAQIFD.js"
    },
    "chunk-BA56F4BC": {
      "file": "chunk-BA56F4BC.js"
    },
    "chunk-XHZSVX7W": {
      "file": "chunk-XHZSVX7W.js"
    },
    "chunk-TEAJFDC2": {
      "file": "chunk-TEAJFDC2.js"
    },
    "chunk-ASLTLD6L": {
      "file": "chunk-ASLTLD6L.js"
    }
  }
}